OrderID,OrderDate,CustomerID,ProductID,SellerID,Quantity,Discount,Tax,ShippingCost,TotalAmount,PaymentMethod,OrderStatus
ORD0000001,2023-01-31,CUST001504,P00014,SELL01967,3,0.0,0.0,0.09,319.86,Debit Card,Delivered
ORD0000002,2023-12-30,CUST000178,P00040,SELL01298,1,0.05,19.1,1.74,259.64,Amazon Pay,Delivered
ORD0000003,2022-05-10,CUST047516,P00044,SELL00908,3,0.1,7.57,5.91,108.06,Debit Card,Delivered
ORD0000004,2023-07-18,CUST030059,P00041,SELL01164,5,0.15,11.42,5.53,159.66,Cash on Delivery,Delivered
ORD0000005,2023-02-04,CUST048677,P00029,SELL01411,2,0.25,38.67,9.23,821.36,Credit Card,Cancelled
ORD0000006,2022-12-31,CUST042705,P00023,SELL01494,4,0.0,215.87,2.74,2017.53,UPI,Delivered
ORD0000007,2024-09-20,CUST037667,P00030,SELL01676,2,0.2,28.14,14.97,394.81,UPI,Delivered
ORD0000008,2022-11-10,CUST031165,P00028,SELL00510,2,0.05,29.12,6.24,617.73,Debit Card,Pending
ORD0000009,2024-06-26,CUST026965,P00031,SELL01895,4,0.0,46.75,7.03,638.14,Debit Card,Delivered
ORD0000010,2020-05-01,CUST029472,P00001,SELL01584,2,0.1,60.09,4.88,565.75,Credit Card,Delivered
ORD0000011,2021-04-11,CUST005346,P00046,SELL01217,1,0.05,6.72,9.7,150.77,Amazon Pay,Delivered
ORD0000012,2023-05-23,CUST046088,P00042,SELL01160,5,0.05,131.69,13.38,1791.23,Credit Card,Shipped
ORD0000013,2020-11-26,CUST026576,P00018,SELL00719,4,0.05,94.38,4.43,1986.5,UPI,Delivered
ORD0000014,2024-01-22,CUST006051,P00040,SELL00672,3,0.0,188.38,8.04,1766.23,Debit Card,Shipped
ORD0000015,2020-03-28,CUST025111,P00035,SELL01541,4,0.1,52.45,1.76,1103.14,Net Banking,Delivered
ORD0000016,2023-10-28,CUST040957,P00028,SELL00437,4,0.25,79.97,2.58,1681.91,Amazon Pay,Delivered
ORD0000017,2023-01-28,CUST000735,P00025,SELL01971,4,0.1,0.0,4.39,1636.88,Amazon Pay,Delivered
ORD0000018,2022-05-21,CUST038237,P00039,SELL00132,5,0.0,0.0,10.06,2747.96,Amazon Pay,Delivered
ORD0000019,2024-08-14,CUST040211,P00033,SELL01907,5,0.0,317.51,4.57,2968.03,Amazon Pay,Returned
ORD0000020,2020-05-10,CUST046893,P00040,SELL00881,3,0.0,72.85,4.18,987.62,UPI,Delivered
ORD0000021,2024-08-12,CUST041508,P00028,SELL01947,1,0.0,11.31,9.55,247.12,Credit Card,Delivered
ORD0000022,2023-08-25,CUST048817,P00010,SELL01672,4,0.0,98.69,11.8,2084.37,Credit Card,Delivered
ORD0000023,2022-02-08,CUST048828,P00003,SELL01102,5,0.0,113.03,9.62,2383.25,Debit Card,Delivered
ORD0000024,2020-12-09,CUST033080,P00021,SELL01507,3,0.1,0.0,8.29,299.76,Net Banking,Delivered
ORD0000025,2024-02-24,CUST041929,P00008,SELL01553,1,0.15,1.13,2.39,17.7,Credit Card,Delivered
ORD0000026,2023-12-08,CUST035043,P00030,SELL00342,4,0.2,60.84,9.28,1286.86,Amazon Pay,Pending
ORD0000027,2022-03-16,CUST043777,P00036,SELL01129,3,0.25,153.82,14.27,1449.89,Credit Card,Delivered
ORD0000028,2021-01-20,CUST037985,P00019,SELL01796,3,0.0,49.8,3.37,468.16,Debit Card,Delivered
ORD0000029,2023-04-30,CUST000721,P00036,SELL01715,3,0.0,205.98,8.99,1359.32,Credit Card,Delivered
ORD0000030,2022-08-13,CUST008013,P00045,SELL00874,5,0.0,179.99,5.19,1185.13,UPI,Delivered
ORD0000031,2020-10-03,CUST018693,P00046,SELL01318,2,0.0,97.13,1.49,638.22,Debit Card,Delivered
ORD0000032,2023-03-30,CUST044089,P00006,SELL00384,4,0.1,22.77,7.01,485.18,Credit Card,Shipped
ORD0000033,2021-04-04,CUST011946,P00047,SELL01798,2,0.05,14.44,3.5,306.64,Credit Card,Delivered
ORD0000034,2023-08-30,CUST049225,P00046,SELL00219,1,0.0,10.94,12.22,241.9,Credit Card,Delivered
ORD0000035,2020-01-22,CUST048518,P00021,SELL01619,5,0.1,159.19,4.08,1489.87,Credit Card,Shipped
ORD0000036,2020-09-09,CUST047957,P00033,SELL01592,1,0.25,0.0,6.76,275.08,Amazon Pay,Delivered
ORD0000037,2022-01-17,CUST043577,P00032,SELL00755,5,0.0,179.56,3.3,2427.31,Credit Card,Delivered
ORD0000038,2022-05-06,CUST029566,P00015,SELL01262,4,0.0,144.43,0.43,1348.42,Credit Card,Delivered
ORD0000039,2024-05-03,CUST004199,P00040,SELL00566,5,0.25,96.17,11.33,2030.8,Amazon Pay,Delivered
ORD0000040,2021-04-19,CUST042096,P00010,SELL01049,2,0.1,7.36,4.47,159.11,Credit Card,Delivered
ORD0000041,2022-12-18,CUST017203,P00035,SELL00369,3,0.0,77.72,8.45,733.87,UPI,Delivered
ORD0000042,2021-05-25,CUST046853,P00022,SELL01983,5,0.1,129.21,2.23,2715.7,Debit Card,Delivered
ORD0000043,2024-09-01,CUST020850,P00031,SELL00959,4,0.0,35.07,7.59,481.02,Amazon Pay,Delivered
ORD0000044,2024-02-08,CUST039744,P00025,SELL00076,3,0.15,40.6,2.73,268.9,Credit Card,Cancelled
ORD0000045,2021-11-30,CUST017434,P00035,SELL00898,4,0.05,120.27,3.89,1627.59,Debit Card,Delivered
ORD0000046,2022-09-02,CUST045893,P00009,SELL00181,2,0.05,0.0,5.62,858.99,Debit Card,Delivered
ORD0000047,2024-12-11,CUST033696,P00039,SELL01805,4,0.0,0.0,3.75,489.55,UPI,Delivered
ORD0000048,2020-07-08,CUST032008,P00030,SELL00438,2,0.05,21.42,0.48,289.59,Debit Card,Delivered
ORD0000049,2022-08-15,CUST011785,P00014,SELL01660,3,0.2,47.97,3.26,650.85,Debit Card,Delivered
ORD0000050,2021-11-17,CUST001846,P00012,SELL01908,3,0.15,61.5,8.73,1300.27,Net Banking,Delivered
ORD0000051,2022-08-15,CUST048348,P00047,SELL00078,3,0.25,0.0,8.07,558.94,Cash on Delivery,Delivered
ORD0000052,2021-07-16,CUST027076,P00039,SELL00659,4,0.05,67.23,6.09,1417.95,Debit Card,Delivered
ORD0000053,2024-05-09,CUST012995,P00050,SELL00962,3,0.3,34.1,0.75,716.85,Debit Card,Shipped
ORD0000054,2023-06-21,CUST030633,P00049,SELL01002,1,0.1,53.11,5.14,500.85,Amazon Pay,Delivered
ORD0000055,2022-04-11,CUST013482,P00044,SELL01805,4,0.05,104.35,8.22,2199.61,UPI,Delivered
ORD0000056,2024-03-08,CUST030091,P00044,SELL01113,4,0.25,131.07,12.95,1236.26,Credit Card,Pending
ORD0000057,2023-02-28,CUST031856,P00022,SELL00723,2,0.0,183.45,3.79,1206.42,Credit Card,Shipped
ORD0000058,2024-02-17,CUST040925,P00005,SELL01920,5,0.0,45.64,12.08,970.47,UPI,Delivered
ORD0000059,2021-10-08,CUST031615,P00016,SELL00280,3,0.3,46.54,7.98,442.39,Debit Card,Delivered
ORD0000060,2020-01-21,CUST018312,P00027,SELL00446,2,0.0,43.98,7.55,931.13,Amazon Pay,Delivered
ORD0000061,2022-04-20,CUST017070,P00037,SELL00106,4,0.05,405.63,9.18,2668.29,UPI,Shipped
ORD0000062,2020-06-15,CUST026591,P00025,SELL00247,3,0.0,70.93,7.25,472.26,UPI,Delivered
ORD0000063,2023-07-21,CUST006724,P00004,SELL00011,3,0.1,23.09,11.28,226.77,Credit Card,Returned
ORD0000064,2021-01-22,CUST026258,P00037,SELL01006,5,0.05,25.44,12.92,547.13,UPI,Delivered
ORD0000065,2021-08-23,CUST000139,P00039,SELL01242,5,0.15,88.67,9.65,1871.76,Amazon Pay,Returned
ORD0000066,2020-11-11,CUST038107,P00037,SELL01704,2,0.1,50.31,11.62,1068.18,Amazon Pay,Delivered
ORD0000067,2020-01-14,CUST015763,P00046,SELL01548,4,0.1,36.69,13.68,784.19,Net Banking,Delivered
ORD0000068,2020-08-29,CUST041458,P00008,SELL00532,4,0.05,59.23,9.13,561.98,Net Banking,Delivered
ORD0000069,2022-02-15,CUST033817,P00050,SELL01811,5,0.0,26.29,13.29,565.38,UPI,Delivered
ORD0000070,2023-10-01,CUST041366,P00041,SELL01501,1,0.0,6.62,8.76,98.17,Debit Card,Delivered
ORD0000071,2021-07-18,CUST005372,P00022,SELL01168,4,0.15,176.95,10.58,1662.11,Debit Card,Delivered
ORD0000072,2022-06-16,CUST018135,P00011,SELL01780,3,0.0,32.9,12.88,457.08,Amazon Pay,Shipped
ORD0000073,2023-09-25,CUST043454,P00027,SELL00749,5,0.0,233.06,14.07,3160.43,UPI,Shipped
ORD0000074,2020-04-01,CUST007050,P00039,SELL00221,2,0.0,83.61,0.43,1129.16,Credit Card,Shipped
ORD0000075,2023-10-22,CUST027444,P00010,SELL01964,2,0.05,80.75,2.49,756.18,Credit Card,Shipped
ORD0000076,2022-08-13,CUST042061,P00010,SELL01119,4,0.0,314.98,8.82,2073.68,Credit Card,Shipped
ORD0000077,2024-01-18,CUST016864,P00026,SELL00376,1,0.1,42.41,7.82,403.67,Debit Card,Delivered
ORD0000078,2023-12-22,CUST028956,P00011,SELL00112,1,0.05,28.16,6.83,598.25,Cash on Delivery,Delivered
ORD0000079,2021-05-23,CUST001710,P00009,SELL00917,2,0.0,7.7,4.91,166.55,Debit Card,Delivered
ORD0000080,2022-02-14,CUST023701,P00007,SELL01174,1,0.1,57.71,14.47,553.06,Amazon Pay,Shipped
ORD0000081,2020-02-04,CUST005263,P00010,SELL00371,2,0.05,38.26,13.08,816.6,UPI,Delivered
ORD0000082,2020-07-24,CUST014979,P00030,SELL00077,3,0.1,72.38,4.24,981.39,Amazon Pay,Shipped
ORD0000083,2023-01-09,CUST038225,P00016,SELL01872,3,0.05,132.42,7.69,875.78,UPI,Delivered
ORD0000084,2024-05-04,CUST028769,P00040,SELL00198,1,0.15,40.44,7.22,553.13,Debit Card,Delivered
ORD0000085,2023-11-12,CUST049605,P00036,SELL00087,4,0.05,225.32,7.18,2110.19,Credit Card,Delivered
ORD0000086,2022-10-22,CUST015624,P00017,SELL01618,4,0.05,10.58,3.91,73.28,Credit Card,Shipped
ORD0000087,2022-10-18,CUST026490,P00017,SELL01735,4,0.0,20.58,13.02,147.96,Credit Card,Delivered
ORD0000088,2023-11-14,CUST001370,P00023,SELL01951,5,0.15,155.24,7.48,2103.18,Amazon Pay,Delivered
ORD0000089,2021-07-19,CUST043394,P00029,SELL00041,3,0.2,62.27,4.63,845.24,Debit Card,Delivered
ORD0000090,2023-02-03,CUST039077,P00015,SELL00271,5,0.2,109.52,7.29,1485.85,Credit Card,Pending
ORD0000091,2024-11-30,CUST007564,P00016,SELL00155,5,0.2,64.37,9.38,878.39,UPI,Delivered
ORD0000092,2024-02-09,CUST033299,P00045,SELL01704,4,0.05,253.53,1.26,2367.55,Net Banking,Cancelled
ORD0000093,2021-12-03,CUST039707,P00022,SELL00861,5,0.2,27.71,7.71,589.66,UPI,Shipped
ORD0000094,2021-02-05,CUST043458,P00048,SELL00572,4,0.0,295.04,14.29,1948.45,UPI,Shipped
ORD0000095,2021-12-30,CUST001552,P00045,SELL01732,4,0.1,12.19,1.28,165.79,Amazon Pay,Delivered
ORD0000096,2024-04-28,CUST039426,P00043,SELL01461,1,0.2,16.4,7.6,160.7,Credit Card,Delivered
ORD0000097,2020-06-10,CUST049557,P00048,SELL00108,3,0.05,0.0,2.63,1564.91,UPI,Delivered
ORD0000098,2020-07-20,CUST033386,P00036,SELL01544,4,0.0,83.49,2.86,1129.99,UPI,Returned
ORD0000099,2022-09-22,CUST018449,P00028,SELL00992,5,0.15,130.75,12.62,1777.75,UPI,Delivered
ORD0000100,2020-09-26,CUST012492,P00023,SELL00337,1,0.0,16.5,9.08,231.78,Credit Card,Delivered
ORD0000101,2022-03-26,CUST015367,P00018,SELL01672,4,0.25,199.51,4.56,1312.48,Credit Card,Delivered
ORD0000102,2023-07-18,CUST009929,P00014,SELL00848,1,0.0,1.47,5.45,36.29,Credit Card,Delivered
ORD0000103,2021-03-31,CUST030254,P00045,SELL00127,2,0.05,15.18,2.55,321.39,Debit Card,Delivered
ORD0000104,2024-01-25,CUST041994,P00031,SELL00607,4,0.0,109.68,12.26,2315.5,UPI,Delivered
ORD0000105,2024-10-16,CUST034561,P00033,SELL01742,3,0.05,33.88,0.71,316.88,Credit Card,Delivered
ORD0000106,2023-06-29,CUST028297,P00017,SELL00553,1,0.05,5.38,0.22,113.21,UPI,Delivered
ORD0000107,2022-10-13,CUST002237,P00036,SELL00371,3,0.05,101.66,5.24,954.09,Credit Card,Pending
ORD0000108,2024-09-21,CUST007600,P00034,SELL01189,1,0.0,38.68,4.62,526.8,Debit Card,Delivered
ORD0000109,2020-10-22,CUST010526,P00005,SELL01545,3,0.15,16.25,1.88,343.05,Debit Card,Delivered
ORD0000110,2024-10-14,CUST024904,P00023,SELL00617,5,0.0,130.17,9.98,2743.6,Net Banking,Delivered
ORD0000111,2021-12-20,CUST033463,P00029,SELL01848,5,0.0,55.33,2.64,365.37,Amazon Pay,Delivered
ORD0000112,2024-11-07,CUST015883,P00022,SELL01322,5,0.0,282.6,8.14,1860.74,Debit Card,Delivered
ORD0000113,2020-12-03,CUST035697,P00024,SELL00915,4,0.25,28.46,13.2,610.76,Amazon Pay,Cancelled
ORD0000114,2022-05-28,CUST010676,P00036,SELL01203,2,0.2,0.0,0.55,165.81,Amazon Pay,Shipped
ORD0000115,2022-12-12,CUST037855,P00012,SELL01649,3,0.0,40.1,7.29,548.63,Amazon Pay,Delivered
ORD0000116,2022-03-02,CUST013803,P00021,SELL01188,4,0.25,70.29,14.63,1490.63,Debit Card,Shipped
ORD0000117,2020-08-04,CUST041291,P00042,SELL01963,2,0.0,0.0,14.69,65.31,Debit Card,Shipped
ORD0000118,2022-02-02,CUST025351,P00006,SELL00011,2,0.05,134.74,5.5,1263.06,Credit Card,Delivered
ORD0000119,2020-07-06,CUST023478,P00009,SELL01044,2,0.05,98.78,10.23,932.17,Cash on Delivery,Shipped
ORD0000120,2021-01-14,CUST029783,P00050,SELL01527,4,0.05,128.42,9.52,851.39,Credit Card,Delivered
ORD0000121,2021-05-07,CUST001056,P00017,SELL01639,5,0.15,117.8,10.69,1110.2,UPI,Delivered
ORD0000122,2022-11-30,CUST026942,P00008,SELL00632,5,0.1,0.0,9.69,1117.28,Amazon Pay,Shipped
ORD0000123,2023-03-26,CUST027791,P00050,SELL00745,1,0.0,0.93,5.03,24.62,Amazon Pay,Delivered
ORD0000124,2020-01-15,CUST019410,P00043,SELL00146,2,0.25,3.67,1.59,78.74,Amazon Pay,Delivered
ORD0000125,2020-03-05,CUST009308,P00021,SELL00770,5,0.05,114.03,2.34,1066.61,Credit Card,Delivered
ORD0000126,2021-06-04,CUST004285,P00008,SELL01530,4,0.0,71.75,10.48,680.11,UPI,Delivered
ORD0000127,2023-09-29,CUST037966,P00027,SELL01372,3,0.05,157.49,3.17,1473.11,Credit Card,Delivered
ORD0000128,2023-02-26,CUST025421,P00050,SELL01574,5,0.15,72.07,14.56,687.2,Debit Card,Delivered
ORD0000129,2021-10-09,CUST039352,P00010,SELL00583,3,0.1,66.14,10.09,627.44,Credit Card,Delivered
ORD0000130,2024-02-04,CUST032886,P00015,SELL00736,4,0.2,92.38,4.08,1944.01,Debit Card,Delivered
ORD0000131,2022-12-22,CUST014360,P00050,SELL01332,2,0.0,0.0,6.71,1025.25,Net Banking,Shipped
ORD0000132,2023-03-08,CUST007708,P00028,SELL00248,3,0.0,74.42,5.91,1568.69,Net Banking,Returned
ORD0000133,2024-03-02,CUST013067,P00026,SELL01907,3,0.0,179.19,7.58,1679.99,Credit Card,Delivered
ORD0000134,2021-08-15,CUST046835,P00043,SELL01180,4,0.0,184.71,13.11,1737.06,Credit Card,Cancelled
ORD0000135,2021-01-26,CUST011228,P00003,SELL00715,2,0.1,69.44,5.41,653.48,Cash on Delivery,Delivered
ORD0000136,2024-08-25,CUST046806,P00013,SELL00709,5,0.05,189.34,3.64,2559.72,UPI,Shipped
ORD0000137,2021-02-22,CUST014033,P00049,SELL00278,5,0.1,76.28,9.75,1039.49,UPI,Delivered
ORD0000138,2020-10-15,CUST040569,P00030,SELL01341,2,0.05,0.0,10.61,644.98,Credit Card,Shipped
ORD0000139,2021-01-13,CUST041172,P00015,SELL00699,2,0.05,79.44,13.86,1086.33,Credit Card,Delivered
ORD0000140,2024-12-01,CUST001601,P00005,SELL01558,4,0.05,20.61,11.17,289.34,Cash on Delivery,Delivered
ORD0000141,2024-02-22,CUST046508,P00032,SELL00940,5,0.0,0.0,13.16,126.51,Debit Card,Delivered
ORD0000142,2020-08-18,CUST027712,P00017,SELL00796,5,0.25,245.03,2.79,2289.77,Cash on Delivery,Pending
ORD0000143,2022-10-14,CUST029705,P00046,SELL00143,1,0.0,0.0,2.23,433.24,Amazon Pay,Shipped
ORD0000144,2020-02-10,CUST008224,P00049,SELL01971,3,0.15,44.19,1.85,929.77,Credit Card,Delivered
ORD0000145,2022-11-17,CUST046362,P00039,SELL00338,1,0.0,15.8,10.92,114.51,Credit Card,Delivered
ORD0000146,2020-05-14,CUST005950,P00015,SELL00864,4,0.05,272.14,2.1,2542.08,Credit Card,Delivered
ORD0000147,2020-07-19,CUST037485,P00015,SELL01097,1,0.0,9.71,5.33,209.21,Credit Card,Delivered
ORD0000148,2022-02-18,CUST027818,P00027,SELL00776,2,0.05,4.04,11.11,95.94,Credit Card,Delivered
ORD0000149,2022-07-18,CUST048304,P00032,SELL00433,3,0.15,120.27,7.09,795.51,Credit Card,Returned
ORD0000150,2022-11-22,CUST033670,P00009,SELL00027,3,0.0,10.51,6.23,148.14,Cash on Delivery,Shipped
ORD0000151,2022-12-07,CUST038774,P00015,SELL00672,4,0.3,42.84,9.24,908.91,Debit Card,Delivered
ORD0000152,2021-05-17,CUST026880,P00029,SELL00229,4,0.1,108.69,13.75,1028.2,Net Banking,Delivered
ORD0000153,2021-02-10,CUST044830,P00003,SELL01889,3,0.0,64.77,11.24,1371.38,Credit Card,Delivered
ORD0000154,2024-05-16,CUST040087,P00023,SELL01455,4,0.15,49.49,2.52,1041.85,Debit Card,Delivered
ORD0000155,2024-10-17,CUST026727,P00025,SELL00945,3,0.25,111.9,4.69,1049.12,Amazon Pay,Delivered
ORD0000156,2022-03-15,CUST011225,P00026,SELL00850,3,0.0,27.13,2.04,571.78,Debit Card,Delivered
ORD0000157,2020-04-08,CUST031885,P00047,SELL01363,5,0.1,0.0,8.69,477.5,Credit Card,Shipped
ORD0000158,2021-11-14,CUST016025,P00045,SELL01573,2,0.1,57.7,10.68,789.62,Credit Card,Pending
ORD0000159,2021-12-26,CUST036113,P00007,SELL01598,3,0.25,129.6,8.69,1218.27,UPI,Delivered
ORD0000160,2024-04-19,CUST043628,P00008,SELL00412,1,0.05,28.22,2.07,265.45,Amazon Pay,Delivered
ORD0000161,2022-08-18,CUST020507,P00026,SELL00708,3,0.05,4.96,0.82,47.13,Credit Card,Delivered
ORD0000162,2024-10-28,CUST012422,P00018,SELL01169,5,0.2,0.0,9.73,875.05,Credit Card,Delivered
ORD0000163,2021-09-04,CUST009807,P00039,SELL00551,3,0.0,5.78,8.4,129.77,Debit Card,Delivered
ORD0000164,2024-01-25,CUST048496,P00016,SELL00141,3,0.1,62.86,0.89,1321.03,Amazon Pay,Returned
ORD0000165,2021-10-04,CUST029400,P00015,SELL01482,5,0.0,21.16,12.99,210.5,Debit Card,Delivered
ORD0000166,2024-11-27,CUST004811,P00038,SELL00910,2,0.05,18.81,13.79,189.35,Credit Card,Delivered
ORD0000167,2022-10-25,CUST008669,P00035,SELL00243,4,0.1,86.1,3.63,1165.99,Amazon Pay,Delivered
ORD0000168,2023-05-26,CUST035784,P00015,SELL01837,5,0.05,88.4,9.35,1202.7,Credit Card,Shipped
ORD0000169,2021-05-17,CUST027512,P00011,SELL00878,4,0.2,189.39,3.74,1771.37,Net Banking,Delivered
ORD0000170,2022-02-05,CUST023754,P00043,SELL01838,4,0.05,226.82,12.34,2129.36,Debit Card,Delivered
ORD0000171,2021-02-01,CUST011579,P00050,SELL01005,1,0.05,17.58,9.86,173.97,UPI,Delivered
ORD0000172,2022-05-20,CUST003082,P00024,SELL00319,3,0.15,228.36,0.91,1497.95,Credit Card,Delivered
ORD0000173,2022-03-05,CUST040193,P00025,SELL00210,4,0.0,0.0,13.67,271.79,Amazon Pay,Delivered
ORD0000174,2021-01-27,CUST014061,P00020,SELL00101,4,0.0,66.24,5.9,1396.98,Net Banking,Delivered
ORD0000175,2020-07-25,CUST028212,P00015,SELL01555,4,0.1,28.06,7.79,596.98,Credit Card,Delivered
ORD0000176,2022-11-04,CUST010967,P00004,SELL00727,1,0.1,26.94,3.35,569.17,Credit Card,Returned
ORD0000177,2024-04-26,CUST022674,P00036,SELL00062,5,0.05,278.96,7.24,2610.9,Amazon Pay,Delivered
ORD0000178,2022-06-10,CUST048983,P00006,SELL00530,4,0.1,0.0,14.12,486.51,Debit Card,Delivered
ORD0000179,2024-01-24,CUST016133,P00014,SELL00395,2,0.05,26.81,11.05,372.98,Net Banking,Delivered
ORD0000180,2024-09-10,CUST044928,P00001,SELL00811,1,0.3,23.45,4.48,321.02,UPI,Delivered
ORD0000181,2024-05-17,CUST024560,P00010,SELL00296,2,0.0,127.54,4.49,1194.83,Cash on Delivery,Delivered
ORD0000182,2022-05-13,CUST019814,P00050,SELL01602,5,0.1,276.78,1.7,1816.13,Amazon Pay,Delivered
ORD0000183,2022-01-12,CUST015222,P00016,SELL00166,2,0.05,35.7,13.55,763.31,Amazon Pay,Returned
ORD0000184,2023-06-18,CUST015733,P00025,SELL00041,3,0.0,23.82,5.19,326.79,UPI,Shipped
ORD0000185,2021-07-17,CUST023655,P00026,SELL00773,2,0.0,91.53,2.64,1238.35,Credit Card,Shipped
ORD0000186,2022-10-17,CUST021204,P00042,SELL01469,2,0.0,49.53,10.01,1050.18,Credit Card,Pending
ORD0000187,2020-04-05,CUST016221,P00049,SELL00701,2,0.2,15.27,7.58,328.16,Debit Card,Delivered
ORD0000188,2024-10-23,CUST036912,P00004,SELL01658,1,0.2,3.26,1.3,45.3,Net Banking,Delivered
ORD0000189,2021-04-29,CUST043111,P00033,SELL00429,5,0.15,43.94,6.24,599.49,Credit Card,Shipped
ORD0000190,2023-12-01,CUST034016,P00046,SELL01532,3,0.15,85.04,14.4,1162.38,Debit Card,Delivered
ORD0000191,2020-08-18,CUST040748,P00030,SELL00430,5,0.05,75.83,12.39,1604.8,Amazon Pay,Delivered
ORD0000192,2022-01-18,CUST004207,P00040,SELL00302,2,0.05,10.27,1.64,140.24,Amazon Pay,Delivered
ORD0000193,2024-08-05,CUST041282,P00012,SELL00733,2,0.1,0.0,13.08,533.69,Amazon Pay,Delivered
ORD0000194,2023-04-09,CUST044672,P00019,SELL00785,2,0.2,47.82,8.74,654.29,Credit Card,Delivered
ORD0000195,2021-06-24,CUST004859,P00009,SELL00999,4,0.05,68.38,13.15,1449.11,Credit Card,Delivered
ORD0000196,2022-11-25,CUST007154,P00026,SELL01298,5,0.1,101.05,7.48,2129.48,Net Banking,Delivered
ORD0000197,2021-06-08,CUST035993,P00015,SELL00557,3,0.1,36.51,3.91,770.53,Amazon Pay,Delivered
ORD0000198,2023-03-29,CUST027565,P00019,SELL01488,2,0.0,92.95,7.12,874.69,Debit Card,Delivered
ORD0000199,2024-09-18,CUST010007,P00048,SELL00096,3,0.0,97.97,11.16,925.55,UPI,Delivered
ORD0000200,2023-06-20,CUST022505,P00034,SELL01489,1,0.0,21.03,5.69,447.34,Amazon Pay,Shipped
ORD0000201,2023-01-14,CUST007081,P00031,SELL00230,4,0.0,0.0,14.5,2318.22,Credit Card,Delivered
ORD0000202,2024-12-24,CUST042401,P00019,SELL00039,5,0.0,0.0,8.35,848.2,UPI,Delivered
ORD0000203,2021-07-31,CUST040825,P00008,SELL00154,5,0.0,188.46,4.18,2548.34,Amazon Pay,Delivered
ORD0000204,2021-11-12,CUST022812,P00041,SELL01177,3,0.05,65.79,13.58,1395.21,Credit Card,Returned
ORD0000205,2021-07-10,CUST029448,P00036,SELL00122,2,0.25,22.78,11.47,489.9,UPI,Delivered
ORD0000206,2024-05-16,CUST025313,P00017,SELL01958,4,0.1,0.0,2.52,1127.02,Credit Card,Delivered
ORD0000207,2022-10-09,CUST029438,P00046,SELL00705,3,0.15,0.0,14.12,164.8,Net Banking,Delivered
ORD0000208,2021-10-07,CUST001181,P00022,SELL01609,1,0.05,20.29,7.33,281.18,Amazon Pay,Delivered
ORD0000209,2022-03-06,CUST017264,P00031,SELL01838,3,0.0,0.0,12.94,1716.97,Credit Card,Delivered
ORD0000210,2022-11-17,CUST039608,P00049,SELL01140,2,0.05,69.12,0.31,933.4,Net Banking,Shipped
ORD0000211,2024-07-01,CUST019237,P00035,SELL00479,3,0.2,36.31,3.6,493.8,Debit Card,Delivered
ORD0000212,2024-04-28,CUST035731,P00032,SELL00157,5,0.15,35.59,2.38,482.86,UPI,Delivered
ORD0000213,2023-09-25,CUST012280,P00049,SELL01375,2,0.2,14.85,5.54,206.04,Cash on Delivery,Delivered
ORD0000214,2024-12-26,CUST003507,P00017,SELL00159,3,0.0,19.99,3.48,273.4,UPI,Delivered
ORD0000215,2023-09-16,CUST023893,P00002,SELL01801,3,0.0,83.5,1.06,1754.6,Debit Card,Delivered
ORD0000216,2024-07-21,CUST008440,P00016,SELL00813,3,0.0,218.57,10.5,1443.35,Debit Card,Delivered
ORD0000217,2024-03-09,CUST019363,P00005,SELL01565,5,0.1,169.5,12.39,2300.58,Debit Card,Delivered
ORD0000218,2023-10-03,CUST034266,P00003,SELL01516,5,0.0,35.3,13.44,489.94,Debit Card,Delivered
ORD0000219,2024-02-05,CUST026742,P00021,SELL01863,3,0.0,98.62,0.57,1331.89,Credit Card,Delivered
ORD0000220,2023-06-08,CUST020572,P00025,SELL01791,4,0.15,132.01,8.34,1790.44,Amazon Pay,Delivered
ORD0000221,2020-07-08,CUST012246,P00028,SELL00297,1,0.0,2.47,0.69,52.47,Debit Card,Delivered
ORD0000222,2023-06-02,CUST021328,P00017,SELL00328,4,0.05,118.46,3.29,1602.5,Credit Card,Delivered
ORD0000223,2023-11-09,CUST017932,P00037,SELL00753,1,0.0,22.5,1.2,473.75,Net Banking,Shipped
ORD0000224,2023-11-01,CUST030236,P00018,SELL00080,3,0.1,29.66,13.56,414.01,Credit Card,Delivered
ORD0000225,2023-07-30,CUST018375,P00048,SELL01913,2,0.0,18.34,0.91,248.47,Net Banking,Delivered
ORD0000226,2021-09-24,CUST031704,P00026,SELL00376,5,0.0,181.94,9.58,1707.67,Credit Card,Delivered
ORD0000227,2021-09-19,CUST003147,P00023,SELL00628,4,0.1,163.2,11.35,1534.52,Amazon Pay,Delivered
ORD0000228,2022-08-30,CUST014415,P00020,SELL01713,5,0.05,62.97,4.46,854.6,Credit Card,Delivered
ORD0000229,2024-11-03,CUST001747,P00048,SELL00704,5,0.0,161.73,4.75,2188.13,Credit Card,Shipped
ORD0000230,2023-07-06,CUST031415,P00033,SELL00905,5,0.3,138.27,14.7,1881.3,Amazon Pay,Pending
ORD0000231,2023-10-14,CUST048207,P00010,SELL01023,1,0.15,25.08,3.79,530.51,Credit Card,Shipped
ORD0000232,2021-12-10,CUST019145,P00026,SELL00212,2,0.15,87.04,11.68,824.04,Amazon Pay,Delivered
ORD0000233,2024-01-19,CUST028877,P00005,SELL00809,3,0.0,122.91,14.93,1674.23,Net Banking,Delivered
ORD0000234,2023-12-05,CUST006962,P00012,SELL00871,4,0.05,26.52,0.4,557.36,Debit Card,Shipped
ORD0000235,2021-10-10,CUST037405,P00034,SELL00685,2,0.1,18.79,0.38,254.0,Debit Card,Delivered
ORD0000236,2020-11-13,CUST025402,P00030,SELL00618,5,0.0,143.56,13.09,3027.85,Credit Card,Shipped
ORD0000237,2024-08-27,CUST029978,P00047,SELL00273,1,0.2,62.31,14.85,423.34,Cash on Delivery,Delivered
ORD0000238,2023-06-02,CUST049175,P00021,SELL00238,5,0.15,0.0,9.03,321.62,Debit Card,Delivered
ORD0000239,2023-06-11,CUST028805,P00022,SELL01434,1,0.1,41.72,5.25,278.73,Credit Card,Delivered
ORD0000240,2021-11-14,CUST024635,P00050,SELL00311,5,0.05,193.09,12.46,1814.66,UPI,Delivered
ORD0000241,2021-10-25,CUST034448,P00035,SELL00709,2,0.0,22.4,14.9,317.24,UPI,Delivered
ORD0000242,2023-10-29,CUST040551,P00028,SELL01881,4,0.1,58.46,0.09,789.28,Cash on Delivery,Delivered
ORD0000243,2024-08-22,CUST034398,P00040,SELL01539,4,0.0,63.82,4.15,1344.41,Cash on Delivery,Delivered
ORD0000244,2024-06-19,CUST042901,P00014,SELL01937,1,0.15,37.79,0.89,353.58,Amazon Pay,Delivered
ORD0000245,2024-02-04,CUST029445,P00004,SELL00878,5,0.2,32.75,0.02,214.73,Debit Card,Delivered
ORD0000246,2023-06-10,CUST039354,P00014,SELL01817,3,0.0,62.7,5.45,416.51,Credit Card,Delivered
ORD0000247,2024-09-11,CUST047386,P00013,SELL01554,3,0.2,85.78,7.14,807.78,Credit Card,Shipped
ORD0000248,2023-02-10,CUST014192,P00014,SELL01901,5,0.0,35.7,2.92,484.92,Debit Card,Delivered
ORD0000249,2024-02-29,CUST027774,P00011,SELL01387,4,0.2,18.83,11.23,265.39,Debit Card,Delivered
ORD0000250,2021-03-17,CUST045022,P00036,SELL00871,4,0.0,102.92,9.31,969.91,Credit Card,Delivered
ORD0000251,2021-07-17,CUST015291,P00039,SELL00536,4,0.1,101.42,0.79,947.42,Credit Card,Delivered
ORD0000252,2023-07-15,CUST019542,P00014,SELL00946,5,0.3,48.05,5.27,1014.24,Debit Card,Pending
ORD0000253,2024-03-13,CUST005818,P00002,SELL00810,5,0.25,35.14,13.38,751.31,Net Banking,Shipped
ORD0000254,2023-11-10,CUST017005,P00031,SELL01760,4,0.15,39.16,2.0,824.38,Amazon Pay,Delivered
ORD0000255,2023-11-11,CUST004652,P00028,SELL00205,5,0.05,0.0,7.79,1240.75,UPI,Pending
ORD0000256,2023-02-10,CUST000716,P00025,SELL00035,4,0.25,154.18,12.7,1451.69,Cash on Delivery,Delivered
ORD0000257,2024-06-24,CUST008298,P00011,SELL00561,5,0.0,171.4,0.81,2314.71,Amazon Pay,Delivered
ORD0000258,2024-07-06,CUST047323,P00023,SELL00073,5,0.0,60.85,0.03,567.98,Debit Card,Delivered
ORD0000259,2022-08-09,CUST024173,P00046,SELL01449,2,0.05,26.96,14.57,378.49,Debit Card,Delivered
ORD0000260,2023-01-09,CUST039468,P00002,SELL00800,5,0.0,110.51,9.92,1501.78,Net Banking,Delivered
ORD0000261,2021-11-29,CUST017113,P00006,SELL00589,2,0.25,39.69,11.42,381.84,Debit Card,Delivered
ORD0000262,2020-04-22,CUST012593,P00015,SELL00414,5,0.15,11.86,1.6,250.61,Credit Card,Delivered
ORD0000263,2020-01-02,CUST043099,P00009,SELL01206,3,0.05,267.0,0.93,1751.27,Debit Card,Delivered
ORD0000264,2021-10-03,CUST002544,P00050,SELL00789,5,0.05,323.6,10.53,3030.8,Credit Card,Delivered
ORD0000265,2020-08-07,CUST003153,P00041,SELL01729,3,0.1,146.3,14.32,1379.75,Amazon Pay,Delivered
ORD0000266,2024-05-08,CUST049849,P00036,SELL00669,5,0.0,237.94,2.37,3214.61,Debit Card,Delivered
ORD0000267,2022-05-04,CUST020614,P00010,SELL01843,2,0.0,35.0,6.25,741.17,Cash on Delivery,Delivered
ORD0000268,2024-10-25,CUST008599,P00018,SELL01396,5,0.1,110.76,7.62,2333.6,UPI,Delivered
ORD0000269,2023-06-02,CUST031058,P00039,SELL01933,1,0.05,7.16,0.9,97.51,Credit Card,Delivered
ORD0000270,2021-01-19,CUST032555,P00035,SELL01560,1,0.1,37.68,5.52,357.19,Credit Card,Delivered
ORD0000271,2023-11-27,CUST023550,P00032,SELL01202,1,0.0,6.85,10.64,103.1,UPI,Delivered
ORD0000272,2024-07-19,CUST042540,P00010,SELL01156,3,0.15,60.81,5.78,1282.79,UPI,Shipped
ORD0000273,2023-02-27,CUST044529,P00007,SELL00976,3,0.0,12.83,13.79,283.24,Cash on Delivery,Delivered
ORD0000274,2022-12-12,CUST037954,P00007,SELL00910,4,0.15,127.67,6.21,1197.81,Credit Card,Delivered
ORD0000275,2024-09-03,CUST035117,P00049,SELL00331,2,0.1,44.39,14.27,946.44,Net Banking,Delivered
ORD0000276,2021-12-30,CUST046611,P00030,SELL00032,5,0.0,121.58,10.96,2564.14,Debit Card,Delivered
ORD0000277,2024-08-22,CUST044280,P00026,SELL01776,1,0.15,9.88,10.44,217.89,Credit Card,Delivered
ORD0000278,2024-09-29,CUST033284,P00037,SELL00284,3,0.0,41.19,1.74,557.85,Debit Card,Delivered
ORD0000279,2023-12-10,CUST036194,P00028,SELL01659,5,0.0,174.7,4.11,2362.61,Cash on Delivery,Delivered
ORD0000280,2020-09-03,CUST023648,P00044,SELL01792,5,0.0,61.02,10.29,834.11,Credit Card,Shipped
ORD0000281,2022-04-15,CUST001746,P00009,SELL00187,2,0.25,26.15,3.94,356.91,Net Banking,Delivered
ORD0000282,2024-01-02,CUST034953,P00015,SELL01522,3,0.0,52.47,9.06,1111.02,Amazon Pay,Delivered
ORD0000283,2020-07-21,CUST036197,P00026,SELL00883,1,0.15,1.75,2.16,25.84,UPI,Shipped
ORD0000284,2023-04-22,CUST001072,P00028,SELL00294,4,0.05,71.46,13.48,978.24,Amazon Pay,Delivered
ORD0000285,2020-05-02,CUST001188,P00049,SELL01442,1,0.0,58.26,13.38,557.13,Credit Card,Delivered
ORD0000286,2021-02-04,CUST016884,P00038,SELL00054,5,0.2,40.39,11.32,556.55,Credit Card,Delivered
ORD0000287,2022-02-05,CUST043203,P00001,SELL00326,3,0.1,94.27,14.18,1286.84,Cash on Delivery,Delivered
ORD0000288,2020-10-20,CUST012562,P00007,SELL01435,1,0.05,22.13,2.26,466.94,Debit Card,Delivered
ORD0000289,2020-10-06,CUST030504,P00035,SELL00977,4,0.0,19.92,5.9,191.86,UPI,Shipped
ORD0000290,2022-06-02,CUST002550,P00024,SELL00039,2,0.2,10.99,1.11,103.72,Credit Card,Delivered
ORD0000291,2024-06-21,CUST006082,P00048,SELL01802,3,0.05,98.54,1.14,1331.42,Net Banking,Returned
ORD0000292,2020-07-16,CUST007148,P00010,SELL00782,1,0.15,27.4,11.53,381.41,Net Banking,Pending
ORD0000293,2022-09-08,CUST014657,P00014,SELL01904,5,0.0,135.42,13.07,2856.89,UPI,Delivered
ORD0000294,2024-03-14,CUST049112,P00029,SELL01356,5,0.15,94.04,10.28,1279.87,Amazon Pay,Delivered
ORD0000295,2022-01-21,CUST029592,P00019,SELL01890,3,0.0,69.9,12.53,1480.49,Debit Card,Delivered
ORD0000296,2020-05-23,CUST014517,P00032,SELL00338,2,0.05,105.9,13.46,1001.83,UPI,Delivered
ORD0000297,2021-08-31,CUST005746,P00002,SELL00199,3,0.05,47.2,0.11,991.23,Debit Card,Delivered
ORD0000298,2023-05-09,CUST027050,P00002,SELL01301,4,0.1,17.54,0.02,368.38,Amazon Pay,Delivered
ORD0000299,2023-02-21,CUST017205,P00035,SELL01985,1,0.05,25.68,7.52,546.88,Amazon Pay,Delivered
ORD0000300,2020-07-05,CUST009192,P00001,SELL01005,2,0.15,94.33,9.57,627.94,Amazon Pay,Delivered
ORD0000301,2023-09-11,CUST008766,P00041,SELL01248,2,0.25,7.48,12.91,82.74,Amazon Pay,Delivered
ORD0000302,2021-04-08,CUST001699,P00003,SELL01222,3,0.05,48.74,2.76,660.69,UPI,Delivered
ORD0000303,2023-10-04,CUST019427,P00030,SELL00138,5,0.0,28.37,0.78,596.55,Debit Card,Cancelled
ORD0000304,2024-11-29,CUST003257,P00050,SELL00084,2,0.0,0.0,4.03,1040.21,Amazon Pay,Shipped
ORD0000305,2021-10-21,CUST002188,P00022,SELL01336,1,0.0,8.46,13.27,190.85,Credit Card,Shipped
ORD0000306,2022-02-02,CUST001779,P00010,SELL01798,4,0.1,85.83,8.41,1810.83,Cash on Delivery,Delivered
ORD0000307,2022-08-12,CUST032817,P00030,SELL01401,1,0.05,63.93,1.48,598.19,Net Banking,Delivered
ORD0000308,2021-02-06,CUST034263,P00031,SELL01501,2,0.1,185.95,2.97,1221.99,Amazon Pay,Cancelled
ORD0000309,2023-10-01,CUST047601,P00049,SELL01467,4,0.1,32.27,0.94,678.51,UPI,Returned
ORD0000310,2024-03-14,CUST042134,P00004,SELL01253,5,0.0,100.21,0.32,2104.68,UPI,Shipped
ORD0000311,2020-05-26,CUST013914,P00002,SELL00458,3,0.25,57.43,2.13,777.47,Credit Card,Delivered
ORD0000312,2023-03-17,CUST039236,P00042,SELL01738,3,0.0,87.32,6.71,1840.48,Debit Card,Pending
ORD0000313,2022-05-13,CUST025927,P00026,SELL01590,4,0.1,82.45,10.2,1741.63,UPI,Shipped
ORD0000314,2024-09-30,CUST000351,P00049,SELL01318,3,0.1,10.97,1.29,103.71,Amazon Pay,Cancelled
ORD0000315,2021-05-03,CUST034695,P00035,SELL00205,1,0.0,0.0,8.79,537.27,Credit Card,Delivered
ORD0000316,2022-07-17,CUST034686,P00005,SELL00156,4,0.0,172.65,6.53,2337.26,Amazon Pay,Delivered
ORD0000317,2024-07-21,CUST028950,P00023,SELL00695,4,0.0,31.08,6.79,659.51,Debit Card,Shipped
ORD0000318,2021-07-04,CUST012442,P00002,SELL01588,2,0.0,48.74,7.26,1030.82,Amazon Pay,Delivered
ORD0000319,2020-12-03,CUST038779,P00017,SELL00807,1,0.0,47.63,12.41,655.38,Amazon Pay,Delivered
ORD0000320,2022-05-21,CUST012713,P00012,SELL00400,2,0.05,26.11,11.71,559.98,UPI,Delivered
ORD0000321,2021-10-02,CUST020344,P00031,SELL00463,4,0.05,81.01,9.49,1710.74,Cash on Delivery,Delivered
ORD0000322,2024-12-07,CUST005270,P00020,SELL01391,1,0.0,0.0,13.23,426.01,Net Banking,Delivered
ORD0000323,2021-04-17,CUST023625,P00020,SELL01411,4,0.0,48.98,4.38,665.6,Net Banking,Shipped
ORD0000324,2020-05-30,CUST010542,P00047,SELL01480,5,0.1,126.78,13.1,1196.39,Debit Card,Delivered
ORD0000325,2023-12-09,CUST021562,P00019,SELL00844,3,0.2,14.51,5.34,310.11,Amazon Pay,Delivered
ORD0000326,2023-08-14,CUST031261,P00049,SELL01839,2,0.1,52.44,14.19,357.96,UPI,Delivered
ORD0000327,2024-06-22,CUST024288,P00043,SELL01954,5,0.0,61.63,14.46,1308.74,UPI,Delivered
ORD0000328,2020-09-19,CUST015925,P00038,SELL01021,1,0.05,11.57,13.19,169.37,Credit Card,Delivered
ORD0000329,2024-11-22,CUST011154,P00033,SELL01122,4,0.2,282.12,9.88,1859.33,Debit Card,Delivered
ORD0000330,2020-05-23,CUST023840,P00018,SELL01015,3,0.05,13.4,8.62,290.01,Credit Card,Delivered
ORD0000331,2020-12-11,CUST004105,P00026,SELL00422,1,0.05,33.74,5.01,319.89,Amazon Pay,Delivered
ORD0000332,2021-09-15,CUST034270,P00016,SELL00066,1,0.0,28.23,6.11,387.16,Amazon Pay,Delivered
ORD0000333,2022-10-13,CUST031200,P00020,SELL01126,1,0.1,10.82,14.14,241.46,Credit Card,Cancelled
ORD0000334,2024-05-14,CUST002824,P00026,SELL01273,3,0.0,140.12,7.57,1315.38,Credit Card,Delivered
ORD0000335,2020-01-02,CUST046488,P00001,SELL00834,3,0.0,216.21,8.35,1425.7,UPI,Delivered
ORD0000336,2020-01-02,CUST000068,P00013,SELL01958,1,0.0,25.05,1.54,527.66,Amazon Pay,Delivered
ORD0000337,2022-06-15,CUST025908,P00025,SELL01382,1,0.05,33.85,5.35,321.28,Amazon Pay,Delivered
ORD0000338,2023-08-20,CUST012590,P00007,SELL01384,2,0.05,2.91,6.88,68.06,Credit Card,Shipped
ORD0000339,2020-09-10,CUST043281,P00007,SELL01472,2,0.0,134.22,11.03,1263.73,Debit Card,Delivered
ORD0000340,2024-08-02,CUST023061,P00003,SELL00011,3,0.1,15.73,0.49,212.86,Credit Card,Delivered
ORD0000341,2021-03-28,CUST024329,P00035,SELL00335,3,0.2,11.34,5.78,243.94,Debit Card,Delivered
ORD0000342,2022-11-26,CUST049916,P00014,SELL01794,2,0.05,74.15,14.57,1015.54,Amazon Pay,Delivered
ORD0000343,2023-03-29,CUST005573,P00040,SELL00906,3,0.0,48.93,1.71,662.28,UPI,Delivered
ORD0000344,2022-10-11,CUST041438,P00025,SELL01014,5,0.1,8.98,9.41,197.94,Amazon Pay,Pending
ORD0000345,2020-01-09,CUST027366,P00014,SELL00220,1,0.1,4.09,3.54,58.81,Net Banking,Delivered
ORD0000346,2023-06-10,CUST013256,P00037,SELL00751,1,0.0,18.45,1.59,389.12,UPI,Delivered
ORD0000347,2023-01-27,CUST037808,P00001,SELL00465,5,0.0,164.13,4.18,2219.96,Debit Card,Delivered
ORD0000348,2024-08-09,CUST012334,P00020,SELL00357,2,0.2,2.33,3.83,52.72,Amazon Pay,Delivered
ORD0000349,2022-03-26,CUST046689,P00037,SELL00183,2,0.0,18.72,8.01,260.67,UPI,Delivered
ORD0000350,2020-07-26,CUST017408,P00009,SELL00578,5,0.0,219.59,11.56,2976.05,Amazon Pay,Delivered
ORD0000351,2023-02-28,CUST014960,P00045,SELL00605,5,0.0,144.71,12.07,3051.03,Credit Card,Delivered
ORD0000352,2021-02-07,CUST010085,P00040,SELL01785,3,0.0,87.85,4.55,1190.52,Debit Card,Shipped
ORD0000353,2020-05-31,CUST021961,P00018,SELL01168,4,0.0,0.0,5.53,1606.41,UPI,Shipped
ORD0000354,2020-02-23,CUST029119,P00040,SELL01630,2,0.25,0.0,3.29,899.52,UPI,Delivered
ORD0000355,2023-02-17,CUST037507,P00001,SELL01227,2,0.0,5.74,0.48,120.96,Cash on Delivery,Shipped
ORD0000356,2024-08-23,CUST006815,P00007,SELL00898,2,0.1,70.8,13.68,674.52,UPI,Delivered
ORD0000357,2021-09-19,CUST039527,P00048,SELL01918,5,0.15,96.29,14.15,2036.16,Debit Card,Delivered
ORD0000358,2021-08-09,CUST021127,P00012,SELL01633,2,0.1,29.85,3.32,281.91,Amazon Pay,Delivered
ORD0000359,2024-07-06,CUST034300,P00038,SELL00010,2,0.05,86.61,9.56,1178.73,Debit Card,Pending
ORD0000360,2023-12-14,CUST021084,P00031,SELL01248,3,0.15,80.02,5.31,1085.57,Credit Card,Delivered
ORD0000361,2023-12-16,CUST005859,P00048,SELL01019,5,0.05,49.91,1.64,675.42,Amazon Pay,Pending
ORD0000362,2020-04-13,CUST049807,P00012,SELL01330,5,0.0,212.12,14.86,2878.53,Credit Card,Cancelled
ORD0000363,2020-09-10,CUST041735,P00034,SELL00059,3,0.0,22.33,4.36,212.81,UPI,Cancelled
ORD0000364,2023-06-04,CUST014691,P00047,SELL00599,4,0.0,283.87,6.44,2655.91,Credit Card,Delivered
ORD0000365,2023-02-09,CUST028272,P00019,SELL00617,5,0.05,39.85,10.01,547.99,Debit Card,Cancelled
ORD0000366,2021-05-24,CUST006623,P00048,SELL01655,3,0.05,99.49,0.63,1343.77,Debit Card,Shipped
ORD0000367,2024-02-05,CUST038822,P00013,SELL01044,1,0.0,13.83,1.67,188.34,Credit Card,Shipped
ORD0000368,2020-04-08,CUST005512,P00016,SELL00448,3,0.0,15.66,12.06,158.25,Credit Card,Delivered
ORD0000369,2020-06-01,CUST011448,P00025,SELL01856,1,0.25,10.32,11.03,227.78,Credit Card,Shipped
ORD0000370,2022-07-02,CUST045030,P00034,SELL01711,4,0.15,97.91,14.12,2070.19,Cash on Delivery,Returned
ORD0000371,2022-05-27,CUST040400,P00017,SELL01563,3,0.15,20.01,10.53,430.69,Debit Card,Delivered
ORD0000372,2020-12-03,CUST008802,P00040,SELL00818,5,0.0,126.02,0.49,1176.71,Amazon Pay,Shipped
ORD0000373,2024-09-25,CUST049537,P00030,SELL00883,5,0.0,0.0,9.52,2966.87,Debit Card,Delivered
ORD0000374,2022-04-01,CUST047635,P00027,SELL01324,1,0.05,16.41,2.03,346.58,Net Banking,Shipped
ORD0000375,2023-04-01,CUST014084,P00032,SELL00456,3,0.25,47.96,2.41,1009.66,UPI,Delivered
ORD0000376,2024-10-09,CUST000192,P00049,SELL01651,4,0.2,38.48,12.41,371.53,Debit Card,Returned
ORD0000377,2022-08-14,CUST040930,P00042,SELL01183,2,0.2,25.38,2.14,535.06,Amazon Pay,Delivered
ORD0000378,2024-08-31,CUST006786,P00031,SELL01483,3,0.0,64.57,7.48,1363.52,Amazon Pay,Delivered
ORD0000379,2020-06-09,CUST044236,P00013,SELL01385,3,0.3,7.92,0.96,107.94,Debit Card,Delivered
ORD0000380,2024-05-22,CUST035512,P00014,SELL01500,2,0.15,0.0,2.99,728.99,UPI,Shipped
ORD0000381,2022-03-11,CUST044533,P00013,SELL00759,4,0.15,11.13,3.59,153.85,Cash on Delivery,Delivered
ORD0000382,2021-02-01,CUST015840,P00019,SELL01631,3,0.0,38.34,12.83,370.7,Cash on Delivery,Delivered
ORD0000383,2023-07-24,CUST012211,P00012,SELL01115,2,0.0,28.19,7.13,599.1,Cash on Delivery,Returned
ORD0000384,2022-03-26,CUST041119,P00033,SELL01804,2,0.05,39.31,12.8,838.25,Credit Card,Delivered
ORD0000385,2024-03-07,CUST019770,P00036,SELL00409,2,0.05,16.72,3.99,355.09,Credit Card,Shipped
ORD0000386,2023-11-16,CUST014244,P00008,SELL00575,4,0.15,3.77,0.21,51.14,Debit Card,Delivered
ORD0000387,2023-03-04,CUST039927,P00033,SELL01900,3,0.2,106.6,5.69,1444.79,Net Banking,Delivered
ORD0000388,2023-05-03,CUST018394,P00042,SELL01626,4,0.25,41.39,8.42,567.19,Amazon Pay,Delivered
ORD0000389,2021-02-04,CUST030988,P00049,SELL01240,4,0.0,93.2,3.56,1261.8,Credit Card,Delivered
ORD0000390,2021-10-01,CUST019107,P00023,SELL01610,5,0.0,26.45,5.14,252.04,Amazon Pay,Delivered
ORD0000391,2022-11-22,CUST037892,P00039,SELL00120,3,0.3,69.35,6.62,942.87,Debit Card,Delivered
ORD0000392,2021-11-18,CUST023324,P00037,SELL01083,5,0.0,286.34,10.06,2682.6,Amazon Pay,Delivered
ORD0000393,2021-04-04,CUST030181,P00016,SELL00224,3,0.0,66.93,9.79,913.33,Net Banking,Delivered
ORD0000394,2022-08-12,CUST013642,P00041,SELL00724,1,0.05,7.57,7.42,109.57,Debit Card,Delivered
ORD0000395,2021-04-14,CUST009422,P00050,SELL00544,3,0.25,8.74,9.43,192.88,Amazon Pay,Delivered
ORD0000396,2023-10-30,CUST048133,P00043,SELL00733,3,0.0,85.18,13.57,1802.42,Debit Card,Delivered
ORD0000397,2022-11-11,CUST036618,P00018,SELL00841,2,0.25,52.44,9.28,717.16,Credit Card,Delivered
ORD0000398,2022-01-19,CUST011417,P00041,SELL00871,3,0.0,56.8,3.2,769.95,Net Banking,Delivered
ORD0000399,2024-08-20,CUST034217,P00010,SELL01965,4,0.0,24.87,12.79,535.06,Debit Card,Shipped
ORD0000400,2020-02-07,CUST033773,P00049,SELL00957,4,0.0,77.71,1.15,1633.06,Cash on Delivery,Shipped
ORD0000401,2020-08-17,CUST009971,P00033,SELL00494,2,0.05,0.0,13.68,791.25,Credit Card,Delivered
ORD0000402,2023-10-20,CUST016596,P00017,SELL01723,2,0.3,52.22,7.92,712.95,Debit Card,Shipped
ORD0000403,2021-07-16,CUST022332,P00050,SELL00972,3,0.0,115.56,9.72,1088.31,Amazon Pay,Delivered
ORD0000404,2021-03-13,CUST027937,P00025,SELL01794,4,0.15,59.47,9.78,564.8,Credit Card,Delivered
ORD0000405,2024-12-04,CUST030345,P00020,SELL01607,3,0.05,190.83,13.16,1794.2,Debit Card,Delivered
ORD0000406,2023-07-30,CUST008370,P00036,SELL00321,2,0.0,56.62,6.24,770.66,Credit Card,Delivered
ORD0000407,2020-01-27,CUST044703,P00026,SELL00965,5,0.1,0.0,4.57,36.7,Net Banking,Delivered
ORD0000408,2020-08-13,CUST030597,P00039,SELL00578,5,0.0,95.0,7.08,1289.58,Debit Card,Delivered
ORD0000409,2023-07-24,CUST045230,P00026,SELL00469,4,0.0,96.04,5.4,635.0,Cash on Delivery,Returned
ORD0000410,2022-03-08,CUST022493,P00003,SELL01115,5,0.0,65.73,12.41,1392.64,Credit Card,Delivered
ORD0000411,2024-06-20,CUST045811,P00019,SELL00918,3,0.0,160.62,0.96,1500.12,Amazon Pay,Delivered
ORD0000412,2020-10-10,CUST041583,P00016,SELL01411,5,0.25,35.1,9.87,746.97,Credit Card,Delivered
ORD0000413,2022-05-28,CUST049796,P00041,SELL01914,1,0.0,2.64,5.48,60.95,Credit Card,Delivered
ORD0000414,2022-08-17,CUST000031,P00005,SELL00299,3,0.25,121.88,3.69,1141.22,Debit Card,Shipped
ORD0000415,2024-02-13,CUST008196,P00024,SELL00087,3,0.0,287.65,10.38,1896.1,Amazon Pay,Cancelled
ORD0000416,2021-03-28,CUST013179,P00015,SELL01252,1,0.0,9.36,11.07,72.45,Debit Card,Delivered
ORD0000417,2022-10-16,CUST000018,P00021,SELL01599,4,0.05,0.0,3.55,1960.47,Credit Card,Delivered
ORD0000418,2022-03-26,CUST025938,P00030,SELL01174,4,0.15,151.66,11.32,2058.72,Credit Card,Delivered
ORD0000419,2021-10-20,CUST037096,P00013,SELL01193,3,0.3,124.87,4.78,1170.22,Net Banking,Pending
ORD0000420,2024-03-19,CUST001826,P00036,SELL00616,4,0.1,4.73,4.14,103.41,Amazon Pay,Shipped
ORD0000421,2021-06-30,CUST024624,P00006,SELL01136,3,0.0,63.78,9.18,604.5,Cash on Delivery,Delivered
ORD0000422,2023-04-30,CUST006207,P00038,SELL01523,3,0.05,24.03,14.43,519.03,UPI,Delivered
ORD0000423,2022-12-08,CUST019546,P00035,SELL01974,2,0.0,40.69,2.34,551.71,Net Banking,Shipped
ORD0000424,2024-03-15,CUST034816,P00006,SELL00307,5,0.15,26.61,2.11,560.95,UPI,Delivered
ORD0000425,2020-01-17,CUST007767,P00049,SELL01588,5,0.0,333.8,5.55,3121.05,Debit Card,Shipped
ORD0000426,2023-04-10,CUST024865,P00040,SELL00168,1,0.25,4.66,3.04,100.83,Credit Card,Delivered
ORD0000427,2023-05-28,CUST007249,P00023,SELL00806,3,0.0,35.17,4.31,742.92,Net Banking,Delivered
ORD0000428,2020-06-06,CUST024746,P00022,SELL01990,5,0.0,293.81,6.8,1932.91,Debit Card,Delivered
ORD0000429,2021-04-21,CUST016032,P00014,SELL01534,4,0.05,27.93,7.9,594.43,Credit Card,Delivered
ORD0000430,2022-12-05,CUST028771,P00040,SELL01343,4,0.0,114.48,3.1,1071.54,Amazon Pay,Shipped
ORD0000431,2023-10-28,CUST023411,P00004,SELL00997,5,0.25,87.05,4.41,1832.44,Credit Card,Delivered
ORD0000432,2021-06-01,CUST040414,P00021,SELL00468,3,0.0,38.93,13.08,538.58,Net Banking,Delivered
ORD0000433,2020-04-08,CUST018575,P00004,SELL01204,4,0.0,0.0,3.76,1667.92,Credit Card,Shipped
ORD0000434,2024-11-03,CUST039284,P00050,SELL01676,5,0.0,178.51,14.42,2424.33,UPI,Shipped
ORD0000435,2022-11-26,CUST044787,P00050,SELL01254,1,0.0,1.73,5.7,42.0,Cash on Delivery,Delivered
ORD0000436,2020-10-06,CUST013895,P00037,SELL01934,2,0.15,57.48,6.97,543.44,Net Banking,Delivered
ORD0000437,2023-10-04,CUST047497,P00033,SELL00556,5,0.05,8.58,11.65,191.9,Debit Card,Shipped
ORD0000438,2021-05-11,CUST032397,P00004,SELL01389,5,0.15,0.0,0.03,2504.26,UPI,Delivered
ORD0000439,2020-10-28,CUST021608,P00034,SELL01204,3,0.05,37.1,14.17,360.44,Debit Card,Delivered
ORD0000440,2020-06-29,CUST042130,P00031,SELL00946,5,0.0,111.56,9.36,2352.12,Credit Card,Delivered
ORD0000441,2021-08-29,CUST011939,P00031,SELL01341,5,0.2,140.52,3.78,1900.86,Credit Card,Delivered
ORD0000442,2023-01-27,CUST032769,P00034,SELL00758,4,0.0,72.05,0.92,973.61,Credit Card,Delivered
ORD0000443,2021-11-30,CUST039640,P00007,SELL00760,2,0.15,87.81,0.26,819.82,Debit Card,Delivered
ORD0000444,2022-09-19,CUST005245,P00048,SELL01934,4,0.05,134.85,3.07,887.09,Net Banking,Returned
ORD0000445,2023-02-13,CUST029042,P00046,SELL01192,1,0.0,3.43,1.06,73.04,Amazon Pay,Delivered
ORD0000446,2020-07-09,CUST007204,P00017,SELL00183,1,0.2,22.61,14.44,489.16,Net Banking,Delivered
ORD0000447,2020-09-09,CUST049394,P00031,SELL01066,4,0.0,76.1,6.78,1604.92,Amazon Pay,Delivered
ORD0000448,2022-09-07,CUST032464,P00034,SELL00260,5,0.2,14.73,1.28,310.53,UPI,Delivered
ORD0000449,2022-07-16,CUST021458,P00014,SELL00313,5,0.25,0.0,7.13,482.03,Debit Card,Delivered
ORD0000450,2023-03-30,CUST044799,P00012,SELL01112,1,0.1,5.88,0.62,79.99,Credit Card,Delivered
ORD0000451,2023-07-03,CUST011203,P00018,SELL01508,3,0.1,10.68,10.47,110.12,Net Banking,Shipped
ORD0000452,2023-09-08,CUST048942,P00023,SELL00159,1,0.1,0.0,5.9,439.27,Credit Card,Delivered
ORD0000453,2020-05-07,CUST021245,P00014,SELL00733,1,0.05,1.46,2.3,32.95,UPI,Delivered
ORD0000454,2020-01-18,CUST021669,P00044,SELL01851,1,0.05,20.21,9.18,433.61,Credit Card,Shipped
ORD0000455,2024-12-21,CUST012286,P00039,SELL00729,4,0.15,77.6,0.88,1630.48,Credit Card,Delivered
ORD0000456,2024-10-24,CUST027621,P00038,SELL01448,3,0.05,29.57,10.42,409.58,Cash on Delivery,Delivered
ORD0000457,2021-07-19,CUST049115,P00013,SELL00636,4,0.2,111.66,9.43,1516.9,Credit Card,Delivered
ORD0000458,2021-07-23,CUST018220,P00026,SELL00343,4,0.2,65.04,5.64,1371.54,Amazon Pay,Delivered
ORD0000459,2023-09-08,CUST016196,P00017,SELL01522,4,0.05,0.0,0.17,2028.31,UPI,Delivered
ORD0000460,2021-11-16,CUST005196,P00039,SELL01025,1,0.0,7.46,3.43,104.14,Credit Card,Delivered
ORD0000461,2024-12-20,CUST020302,P00020,SELL01247,3,0.1,96.22,12.49,1311.45,Net Banking,Delivered
ORD0000462,2021-09-17,CUST003763,P00036,SELL01046,2,0.0,47.38,5.37,447.59,UPI,Delivered
ORD0000463,2023-08-04,CUST015050,P00028,SELL00465,3,0.0,3.69,7.65,57.42,UPI,Delivered
ORD0000464,2022-05-03,CUST041737,P00009,SELL00265,3,0.05,29.14,13.05,625.01,Cash on Delivery,Delivered
ORD0000465,2024-08-13,CUST026072,P00040,SELL01574,4,0.0,44.2,9.39,937.51,Amazon Pay,Delivered
ORD0000466,2022-08-19,CUST049522,P00020,SELL01951,3,0.0,50.4,5.81,1064.21,Net Banking,Delivered
ORD0000467,2024-07-20,CUST022865,P00010,SELL00105,3,0.0,79.97,6.18,1685.51,Credit Card,Shipped
ORD0000468,2020-06-03,CUST049733,P00026,SELL01903,4,0.0,69.34,12.25,1468.47,Net Banking,Delivered
ORD0000469,2021-05-04,CUST031650,P00039,SELL01195,2,0.0,19.79,5.73,135.44,Debit Card,Delivered
ORD0000470,2023-11-10,CUST013377,P00026,SELL00539,3,0.05,204.45,9.05,1349.34,Debit Card,Delivered
ORD0000471,2022-02-23,CUST034331,P00006,SELL00307,4,0.15,64.71,13.11,886.75,Debit Card,Delivered
ORD0000472,2023-02-01,CUST013224,P00011,SELL01725,1,0.1,32.06,13.59,223.77,UPI,Delivered
ORD0000473,2023-11-17,CUST034822,P00012,SELL00322,5,0.1,47.61,10.62,653.36,Amazon Pay,Shipped
ORD0000474,2020-09-02,CUST042805,P00028,SELL01951,5,0.1,195.09,7.04,1827.84,Credit Card,Delivered
ORD0000475,2023-04-14,CUST008630,P00005,SELL01622,1,0.0,18.07,8.59,252.54,UPI,Delivered
ORD0000476,2022-11-28,CUST034759,P00013,SELL01801,2,0.2,47.64,5.69,1006.1,UPI,Delivered
ORD0000477,2024-02-09,CUST036736,P00019,SELL00951,1,0.2,17.75,13.76,386.45,Net Banking,Shipped
ORD0000478,2024-09-01,CUST036150,P00037,SELL00218,5,0.3,20.15,6.15,278.12,UPI,Delivered
ORD0000479,2022-01-28,CUST039074,P00040,SELL00312,3,0.0,0.0,12.37,409.12,Credit Card,Delivered
ORD0000480,2021-06-21,CUST007456,P00043,SELL01508,1,0.0,9.84,12.51,219.14,Amazon Pay,Delivered
ORD0000481,2022-07-09,CUST000342,P00036,SELL00703,1,0.1,0.0,7.95,477.48,UPI,Delivered
ORD0000482,2021-02-11,CUST022270,P00022,SELL01593,1,0.1,0.88,1.9,20.41,Credit Card,Returned
ORD0000483,2021-06-08,CUST023893,P00030,SELL01227,3,0.05,81.35,8.56,1716.95,Net Banking,Delivered
ORD0000484,2022-04-07,CUST013837,P00027,SELL01161,2,0.0,27.77,5.12,380.07,Credit Card,Delivered
ORD0000485,2024-03-09,CUST045576,P00012,SELL01225,2,0.05,64.11,12.2,877.64,Net Banking,Delivered
ORD0000486,2022-06-21,CUST027038,P00020,SELL01987,2,0.0,26.74,1.77,362.81,Credit Card,Delivered
ORD0000487,2020-02-05,CUST005384,P00018,SELL01458,1,0.2,3.53,10.93,85.03,Debit Card,Delivered
ORD0000488,2021-11-15,CUST049978,P00047,SELL01238,4,0.0,128.84,10.83,855.43,Credit Card,Delivered
ORD0000489,2020-01-20,CUST017276,P00031,SELL00043,3,0.0,0.0,4.63,41.62,Credit Card,Delivered
ORD0000490,2020-11-16,CUST036187,P00038,SELL00066,3,0.0,57.23,4.19,1205.98,Credit Card,Cancelled
ORD0000491,2024-12-04,CUST028007,P00019,SELL01557,5,0.1,256.62,11.58,2406.69,Credit Card,Shipped
ORD0000492,2021-05-26,CUST032599,P00041,SELL00958,3,0.05,0.76,4.61,20.47,Debit Card,Delivered
ORD0000493,2021-02-03,CUST013448,P00039,SELL01062,2,0.2,66.87,1.02,625.11,Debit Card,Delivered
ORD0000494,2021-10-15,CUST033085,P00035,SELL00380,2,0.15,21.06,1.38,443.72,Debit Card,Delivered
ORD0000495,2022-08-29,CUST014799,P00042,SELL01930,2,0.0,0.0,8.41,893.77,Credit Card,Delivered
ORD0000496,2021-04-15,CUST041982,P00011,SELL01491,4,0.1,28.68,0.28,387.41,Credit Card,Delivered
ORD0000497,2023-03-12,CUST017484,P00007,SELL00099,4,0.0,73.94,4.72,1002.94,Debit Card,Delivered
ORD0000498,2023-01-20,CUST018852,P00040,SELL00305,3,0.05,117.19,5.06,1587.18,Net Banking,Delivered
ORD0000499,2023-10-09,CUST023915,P00049,SELL00071,5,0.05,68.79,8.75,937.43,Net Banking,Delivered
ORD0000500,2022-04-13,CUST011710,P00020,SELL00956,5,0.2,154.22,8.69,1019.71,Credit Card,Delivered
ORD0000501,2024-12-28,CUST042668,P00003,SELL00030,2,0.0,123.04,2.95,1151.35,Debit Card,Delivered
ORD0000502,2021-12-27,CUST010609,P00008,SELL00746,5,0.0,96.26,1.42,2022.88,Debit Card,Shipped
ORD0000503,2022-05-03,CUST035476,P00033,SELL01140,2,0.05,52.12,1.57,705.14,Net Banking,Delivered
ORD0000504,2020-02-20,CUST000030,P00028,SELL00281,2,0.0,2.35,4.47,36.24,UPI,Delivered
ORD0000505,2024-08-15,CUST000435,P00008,SELL01910,4,0.0,19.07,9.8,410.27,Debit Card,Delivered
ORD0000506,2024-09-17,CUST025772,P00012,SELL01458,4,0.0,25.71,7.28,547.15,Cash on Delivery,Delivered
ORD0000507,2021-07-28,CUST044282,P00039,SELL01902,1,0.05,26.25,7.68,362.03,Debit Card,Pending
ORD0000508,2023-04-28,CUST013803,P00033,SELL01312,1,0.0,57.41,3.92,539.75,Amazon Pay,Delivered
ORD0000509,2023-02-22,CUST049199,P00024,SELL01373,1,0.0,10.22,4.11,142.14,Amazon Pay,Delivered
ORD0000510,2020-05-29,CUST042507,P00025,SELL01094,3,0.05,12.32,3.55,262.34,Net Banking,Delivered
ORD0000511,2020-11-09,CUST019926,P00010,SELL01280,5,0.0,38.63,6.68,528.21,Debit Card,Delivered
ORD0000512,2021-07-23,CUST026026,P00025,SELL00212,1,0.05,8.04,2.9,171.71,Credit Card,Shipped
ORD0000513,2023-09-27,CUST020867,P00034,SELL00895,2,0.3,16.25,9.67,229.05,Debit Card,Delivered
ORD0000514,2020-10-31,CUST013828,P00025,SELL01084,3,0.0,46.96,2.29,988.49,UPI,Shipped
ORD0000515,2024-09-11,CUST003555,P00050,SELL00903,5,0.05,180.17,2.68,1183.77,Amazon Pay,Delivered
ORD0000516,2021-11-12,CUST023407,P00049,SELL00855,1,0.1,6.64,1.35,140.8,Debit Card,Delivered
ORD0000517,2022-04-17,CUST010953,P00027,SELL00619,5,0.05,18.36,14.21,399.84,Credit Card,Delivered
ORD0000518,2024-12-11,CUST010696,P00018,SELL00692,1,0.0,0.0,10.43,389.5,Debit Card,Delivered
ORD0000519,2022-12-13,CUST004258,P00050,SELL00812,2,0.1,75.29,11.76,505.35,Debit Card,Delivered
ORD0000520,2022-09-29,CUST019763,P00033,SELL01554,4,0.3,63.41,7.04,1338.74,Debit Card,Delivered
ORD0000521,2021-03-19,CUST027375,P00016,SELL01747,5,0.25,0.0,8.27,2070.92,Amazon Pay,Shipped
ORD0000522,2021-09-04,CUST026015,P00018,SELL00915,4,0.1,64.17,7.89,874.18,Credit Card,Delivered
ORD0000523,2022-09-19,CUST029288,P00010,SELL00904,4,0.0,0.0,14.83,1867.03,Amazon Pay,Shipped
ORD0000524,2020-09-20,CUST033107,P00040,SELL00843,2,0.0,36.21,14.7,503.51,Amazon Pay,Returned
ORD0000525,2022-12-12,CUST046117,P00009,SELL00235,4,0.05,106.87,10.79,2255.12,Debit Card,Pending
ORD0000526,2024-05-14,CUST038971,P00033,SELL00649,5,0.1,95.38,14.05,904.26,Credit Card,Delivered
ORD0000527,2022-09-30,CUST011116,P00043,SELL01125,3,0.0,72.15,5.26,979.27,Credit Card,Delivered
ORD0000528,2024-07-01,CUST005340,P00035,SELL01413,5,0.1,4.9,2.42,48.14,Amazon Pay,Shipped
ORD0000529,2020-01-05,CUST002409,P00038,SELL01155,1,0.25,8.92,6.7,127.1,Credit Card,Delivered
ORD0000530,2023-01-31,CUST011026,P00002,SELL00291,1,0.0,4.76,10.99,111.04,Credit Card,Delivered
ORD0000531,2023-05-04,CUST006169,P00043,SELL01257,1,0.2,27.54,3.66,375.42,UPI,Shipped
ORD0000532,2022-02-12,CUST018314,P00007,SELL01101,5,0.05,0.0,13.63,236.22,Debit Card,Shipped
ORD0000533,2022-05-26,CUST018885,P00026,SELL00811,5,0.0,90.58,3.51,1905.64,UPI,Cancelled
ORD0000534,2022-09-18,CUST023759,P00018,SELL00013,4,0.05,22.41,12.41,483.07,Debit Card,Pending
ORD0000535,2022-06-02,CUST026649,P00003,SELL01223,4,0.0,0.0,7.48,1886.12,Cash on Delivery,Delivered
ORD0000536,2023-10-05,CUST009300,P00028,SELL01994,5,0.0,159.18,6.39,2155.37,Credit Card,Delivered
ORD0000537,2020-02-16,CUST018680,P00009,SELL00863,3,0.0,114.36,13.08,1556.97,Credit Card,Delivered
ORD0000538,2022-05-16,CUST007416,P00021,SELL01750,2,0.05,6.4,3.61,137.94,Credit Card,Delivered
ORD0000539,2022-04-02,CUST007219,P00041,SELL00358,4,0.0,142.88,9.22,1938.06,UPI,Delivered
ORD0000540,2022-07-24,CUST007093,P00042,SELL01375,4,0.05,0.0,0.62,905.7,Credit Card,Delivered
ORD0000541,2021-10-17,CUST042506,P00044,SELL00085,5,0.3,98.29,6.7,1333.59,Debit Card,Delivered
ORD0000542,2020-09-25,CUST018609,P00029,SELL00225,3,0.1,8.73,2.81,120.62,Amazon Pay,Delivered
ORD0000543,2021-01-04,CUST006269,P00006,SELL01241,4,0.2,55.36,2.74,1165.33,UPI,Delivered
ORD0000544,2021-09-27,CUST024742,P00002,SELL00752,1,0.0,20.24,12.05,437.08,Credit Card,Delivered
ORD0000545,2023-02-03,CUST011612,P00031,SELL00147,1,0.25,35.85,9.35,493.36,Debit Card,Delivered
ORD0000546,2024-08-20,CUST036209,P00009,SELL01336,4,0.0,0.0,2.7,2158.54,UPI,Delivered
ORD0000547,2024-08-09,CUST017266,P00015,SELL00313,5,0.05,166.16,5.25,1556.04,Credit Card,Delivered
ORD0000548,2021-10-18,CUST005934,P00037,SELL01984,5,0.0,41.6,6.6,880.1,Cash on Delivery,Delivered
ORD0000549,2020-04-29,CUST007415,P00037,SELL00775,5,0.25,41.36,0.29,386.31,Credit Card,Delivered
ORD0000550,2022-04-10,CUST004166,P00024,SELL00587,3,0.05,78.43,13.55,1072.41,Amazon Pay,Delivered
ORD0000551,2024-12-15,CUST006138,P00011,SELL01757,1,0.05,13.24,3.53,281.67,Debit Card,Delivered
ORD0000552,2024-06-15,CUST033291,P00033,SELL01600,2,0.15,45.06,13.05,621.34,Debit Card,Shipped
ORD0000553,2022-12-17,CUST031827,P00036,SELL00965,4,0.0,139.42,13.2,1314.42,Net Banking,Pending
ORD0000554,2023-10-01,CUST042384,P00003,SELL01738,3,0.15,0.0,8.03,1390.51,Amazon Pay,Delivered
ORD0000555,2022-01-10,CUST043680,P00046,SELL01749,3,0.0,0.0,13.33,1351.93,Credit Card,Delivered
ORD0000556,2024-02-06,CUST042370,P00032,SELL00934,5,0.2,25.91,8.12,552.15,Amazon Pay,Cancelled
ORD0000557,2020-04-26,CUST014311,P00012,SELL00739,4,0.0,75.84,11.32,1603.96,Amazon Pay,Delivered
ORD0000558,2022-03-01,CUST003130,P00034,SELL00297,3,0.2,55.28,6.11,752.37,Debit Card,Shipped
ORD0000559,2023-02-24,CUST019366,P00031,SELL01664,1,0.05,36.94,3.69,502.41,Amazon Pay,Cancelled
ORD0000560,2023-11-17,CUST035919,P00042,SELL01179,2,0.0,117.12,10.06,1103.18,Credit Card,Delivered
ORD0000561,2022-10-09,CUST022713,P00002,SELL00067,4,0.15,36.54,14.11,507.41,Debit Card,Delivered
ORD0000562,2024-07-22,CUST013389,P00018,SELL01668,3,0.0,162.79,1.01,1068.21,Credit Card,Delivered
ORD0000563,2022-12-17,CUST033863,P00001,SELL01889,3,0.3,0.0,12.96,698.02,UPI,Shipped
ORD0000564,2021-09-25,CUST017524,P00016,SELL01317,1,0.25,28.34,5.39,191.15,UPI,Delivered
ORD0000565,2021-05-27,CUST027833,P00040,SELL00969,4,0.0,2.68,4.6,40.84,UPI,Delivered
ORD0000566,2024-11-09,CUST006467,P00021,SELL00820,3,0.05,0.0,11.38,1712.12,Debit Card,Delivered
ORD0000567,2022-03-12,CUST008207,P00035,SELL00168,2,0.0,16.52,10.49,357.31,Credit Card,Delivered
ORD0000568,2023-01-24,CUST015188,P00001,SELL01397,2,0.0,154.0,0.21,1009.79,Amazon Pay,Delivered
ORD0000569,2024-07-19,CUST039354,P00007,SELL00936,2,0.3,59.69,3.77,809.63,Debit Card,Delivered
ORD0000570,2023-02-15,CUST034307,P00031,SELL01756,4,0.05,48.16,12.19,662.35,Cash on Delivery,Delivered
ORD0000571,2021-07-13,CUST037946,P00024,SELL01533,2,0.0,120.45,5.94,1130.17,Amazon Pay,Shipped
ORD0000572,2024-06-12,CUST006543,P00050,SELL01280,5,0.0,27.52,13.86,270.53,Debit Card,Cancelled
ORD0000573,2021-05-02,CUST045827,P00046,SELL00196,2,0.0,62.95,0.82,850.67,Amazon Pay,Delivered
ORD0000574,2023-06-14,CUST007580,P00011,SELL00136,4,0.05,59.11,5.87,803.85,Credit Card,Delivered
ORD0000575,2022-06-15,CUST026287,P00004,SELL00087,1,0.15,12.83,3.11,272.63,Net Banking,Delivered
ORD0000576,2023-07-19,CUST043585,P00016,SELL01018,5,0.1,131.44,5.65,2765.95,Credit Card,Delivered
ORD0000577,2023-04-27,CUST042421,P00009,SELL00379,3,0.05,46.57,8.47,986.53,Debit Card,Delivered
ORD0000578,2021-12-04,CUST005012,P00003,SELL00793,2,0.05,95.3,8.52,897.98,Debit Card,Delivered
ORD0000579,2024-01-10,CUST013323,P00022,SELL01593,1,0.05,59.04,10.5,561.54,Credit Card,Delivered
ORD0000580,2021-08-03,CUST034585,P00002,SELL00748,5,0.05,0.0,11.99,150.69,Cash on Delivery,Shipped
ORD0000581,2022-02-28,CUST026815,P00028,SELL00194,3,0.05,17.04,6.34,364.18,Credit Card,Delivered
ORD0000582,2022-05-10,CUST005636,P00050,SELL00396,3,0.0,0.0,12.59,1509.65,Debit Card,Delivered
ORD0000583,2020-09-03,CUST006995,P00019,SELL00744,2,0.05,17.77,9.49,175.35,Debit Card,Delivered
ORD0000584,2023-01-04,CUST028214,P00042,SELL00506,3,0.0,25.91,0.57,544.73,Credit Card,Delivered
ORD0000585,2020-06-02,CUST038972,P00031,SELL00805,2,0.0,44.75,0.73,940.54,Net Banking,Delivered
ORD0000586,2024-08-06,CUST004252,P00038,SELL01433,2,0.0,18.13,13.41,394.1,Net Banking,Returned
ORD0000587,2023-12-29,CUST044170,P00007,SELL00697,5,0.2,73.08,13.35,1547.99,Debit Card,Delivered
ORD0000588,2022-09-23,CUST046075,P00004,SELL01791,1,0.0,4.3,7.59,97.79,Amazon Pay,Delivered
ORD0000589,2023-01-14,CUST039381,P00026,SELL01504,5,0.0,210.16,4.42,1965.88,Credit Card,Delivered
ORD0000590,2021-11-27,CUST042660,P00030,SELL00089,5,0.15,48.59,12.87,331.42,Credit Card,Delivered
ORD0000591,2023-08-01,CUST013904,P00008,SELL01913,4,0.15,34.44,6.88,232.64,Net Banking,Delivered
ORD0000592,2023-05-28,CUST019361,P00008,SELL01916,4,0.25,47.48,10.84,1007.94,Credit Card,Delivered
ORD0000593,2022-12-28,CUST024891,P00011,SELL00617,2,0.15,0.0,4.45,176.25,Debit Card,Shipped
ORD0000594,2022-12-06,CUST029875,P00050,SELL00271,1,0.2,39.27,2.71,369.2,Cash on Delivery,Delivered
ORD0000595,2022-10-05,CUST046126,P00021,SELL00835,3,0.1,238.42,11.4,1574.39,Credit Card,Delivered
ORD0000596,2020-04-03,CUST044429,P00030,SELL00779,1,0.0,2.95,6.18,46.02,Credit Card,Delivered
ORD0000597,2024-11-08,CUST035227,P00007,SELL01487,3,0.0,34.51,7.39,473.27,Credit Card,Returned
ORD0000598,2022-08-15,CUST016520,P00022,SELL01963,2,0.05,89.99,1.49,1216.3,UPI,Shipped
ORD0000599,2022-10-08,CUST049966,P00036,SELL00318,1,0.1,16.49,0.21,222.83,UPI,Delivered
ORD0000600,2021-03-28,CUST011144,P00003,SELL00060,5,0.0,76.04,3.7,1600.64,UPI,Delivered
ORD0000601,2023-05-12,CUST006657,P00008,SELL01980,4,0.25,70.14,0.76,1473.7,Credit Card,Returned
ORD0000602,2022-06-30,CUST031211,P00020,SELL00593,3,0.25,85.29,3.84,1155.25,Debit Card,Delivered
ORD0000603,2020-08-05,CUST032624,P00033,SELL01280,2,0.1,21.26,10.4,297.36,Debit Card,Pending
ORD0000604,2021-04-18,CUST023521,P00046,SELL00751,2,0.0,136.45,4.9,1278.47,Cash on Delivery,Delivered
ORD0000605,2021-03-07,CUST006077,P00005,SELL00750,5,0.15,75.9,3.35,1597.18,UPI,Delivered
ORD0000606,2020-12-06,CUST012756,P00011,SELL00695,2,0.0,69.41,1.25,938.28,Debit Card,Pending
ORD0000607,2021-07-04,CUST002770,P00024,SELL01183,1,0.0,40.61,4.0,270.22,Cash on Delivery,Delivered
ORD0000608,2024-06-23,CUST036442,P00014,SELL01696,4,0.1,98.99,1.3,925.23,UPI,Delivered
ORD0000609,2023-08-05,CUST028699,P00021,SELL01457,1,0.0,4.12,5.43,61.06,Cash on Delivery,Shipped
ORD0000610,2023-07-01,CUST041158,P00036,SELL01578,1,0.0,68.46,3.1,642.09,Debit Card,Delivered
ORD0000611,2024-10-23,CUST015252,P00044,SELL01318,5,0.2,0.0,4.65,1634.49,Credit Card,Delivered
ORD0000612,2020-12-22,CUST009190,P00016,SELL01946,5,0.1,132.22,2.54,1787.56,Credit Card,Delivered
ORD0000613,2020-01-23,CUST015078,P00009,SELL00654,3,0.0,103.38,7.76,972.68,Credit Card,Pending
ORD0000614,2024-11-20,CUST015888,P00027,SELL01819,2,0.0,30.44,9.05,419.95,Cash on Delivery,Delivered
ORD0000615,2021-06-05,CUST047044,P00050,SELL01688,3,0.2,2.43,14.6,65.61,Debit Card,Shipped
ORD0000616,2024-11-16,CUST014358,P00024,SELL01646,5,0.0,127.84,3.69,1729.58,UPI,Shipped
ORD0000617,2023-01-28,CUST046153,P00028,SELL01622,3,0.05,192.62,14.53,1812.3,Debit Card,Cancelled
ORD0000618,2022-03-12,CUST001720,P00017,SELL00394,4,0.0,0.0,8.32,1365.2,Net Banking,Delivered
ORD0000619,2023-04-18,CUST028536,P00015,SELL00150,1,0.0,16.66,6.52,356.4,Amazon Pay,Shipped
ORD0000620,2023-05-31,CUST041352,P00029,SELL01122,5,0.05,97.2,0.68,2041.96,Credit Card,Delivered
ORD0000621,2022-01-31,CUST042316,P00049,SELL01561,2,0.0,54.89,2.15,1154.8,Amazon Pay,Delivered
ORD0000622,2024-08-09,CUST031158,P00018,SELL01495,5,0.0,4.2,2.83,91.03,Amazon Pay,Delivered
ORD0000623,2021-03-17,CUST021388,P00042,SELL00250,5,0.0,127.19,11.33,2682.37,Credit Card,Delivered
ORD0000624,2024-06-19,CUST035024,P00018,SELL00947,1,0.05,7.76,11.53,116.35,UPI,Delivered
ORD0000625,2022-02-07,CUST012302,P00029,SELL00043,2,0.0,0.0,2.78,585.86,Credit Card,Pending
ORD0000626,2022-10-12,CUST005342,P00001,SELL01130,3,0.15,11.03,13.31,244.89,Credit Card,Shipped
ORD0000627,2023-09-10,CUST002027,P00012,SELL00744,2,0.0,0.0,5.84,218.96,Net Banking,Delivered
ORD0000628,2021-05-30,CUST004340,P00006,SELL01245,3,0.1,166.39,1.44,1554.42,Net Banking,Delivered
ORD0000629,2022-11-05,CUST001299,P00043,SELL00409,3,0.25,106.57,9.97,1448.63,Credit Card,Delivered
ORD0000630,2022-03-02,CUST034381,P00043,SELL01259,5,0.05,0.0,7.31,388.26,Net Banking,Delivered
ORD0000631,2020-12-01,CUST032876,P00032,SELL01840,5,0.0,91.82,6.9,1246.42,Credit Card,Delivered
ORD0000632,2024-11-17,CUST001354,P00045,SELL01787,5,0.05,38.62,1.65,523.01,Amazon Pay,Delivered
ORD0000633,2020-09-14,CUST034415,P00010,SELL00616,1,0.0,11.08,10.61,113.99,Debit Card,Pending
ORD0000634,2021-05-11,CUST004221,P00032,SELL00116,5,0.0,128.74,4.45,1205.99,UPI,Delivered
ORD0000635,2022-06-14,CUST017501,P00046,SELL01044,3,0.2,60.84,6.1,573.94,Credit Card,Delivered
ORD0000636,2020-06-08,CUST041372,P00011,SELL00460,5,0.05,49.76,11.36,1056.29,Debit Card,Delivered
ORD0000637,2024-02-07,CUST003021,P00029,SELL00092,2,0.0,101.27,1.04,946.19,UPI,Returned
ORD0000638,2022-05-01,CUST000237,P00027,SELL01099,4,0.0,0.0,3.84,77.16,Credit Card,Delivered
ORD0000639,2024-08-14,CUST035471,P00037,SELL00331,2,0.2,9.84,14.33,220.97,Amazon Pay,Delivered
ORD0000640,2021-11-20,CUST041169,P00048,SELL01790,1,0.2,43.16,3.18,406.0,Debit Card,Delivered
ORD0000641,2024-08-25,CUST013631,P00007,SELL01721,1,0.1,45.6,9.38,434.98,Amazon Pay,Delivered
ORD0000642,2021-01-14,CUST012298,P00025,SELL01158,5,0.1,131.45,3.54,1230.38,Net Banking,Delivered
ORD0000643,2024-04-17,CUST015104,P00045,SELL00556,1,0.15,45.41,13.76,437.58,Credit Card,Delivered
ORD0000644,2022-08-14,CUST016270,P00011,SELL01476,3,0.0,53.7,11.24,736.25,Credit Card,Shipped
ORD0000645,2021-11-21,CUST035106,P00008,SELL00164,3,0.05,91.94,2.19,860.27,UPI,Delivered
ORD0000646,2023-12-21,CUST038495,P00016,SELL01654,2,0.1,0.0,3.92,866.34,Amazon Pay,Delivered
ORD0000647,2024-06-24,CUST010023,P00002,SELL00089,3,0.1,15.57,4.1,331.17,UPI,Delivered
ORD0000648,2023-07-15,CUST018336,P00002,SELL01909,4,0.2,59.35,4.67,1250.96,Net Banking,Shipped
ORD0000649,2024-05-19,CUST010320,P00036,SELL01390,1,0.15,62.74,9.1,420.39,Debit Card,Shipped
ORD0000650,2023-12-11,CUST040657,P00001,SELL00672,1,0.2,5.66,4.46,123.25,Debit Card,Delivered
ORD0000651,2023-04-06,CUST027748,P00032,SELL01401,4,0.0,27.97,11.21,272.26,UPI,Shipped
ORD0000652,2022-12-02,CUST039331,P00024,SELL01223,2,0.15,26.84,0.38,250.86,Debit Card,Shipped
ORD0000653,2024-04-28,CUST026647,P00044,SELL01464,3,0.05,82.75,11.7,1128.77,Cash on Delivery,Delivered
ORD0000654,2020-10-11,CUST048921,P00011,SELL01616,3,0.05,64.57,1.98,1357.97,Net Banking,Delivered
ORD0000655,2021-01-31,CUST041207,P00043,SELL00025,1,0.15,7.13,12.53,108.84,Credit Card,Delivered
ORD0000656,2020-01-12,CUST022106,P00032,SELL00149,2,0.0,17.6,3.26,240.82,Credit Card,Delivered
ORD0000657,2024-06-18,CUST047036,P00016,SELL01424,5,0.2,11.44,12.77,253.05,Amazon Pay,Shipped
ORD0000658,2023-08-18,CUST018918,P00028,SELL00428,5,0.1,109.08,9.12,2299.89,Credit Card,Delivered
ORD0000659,2023-06-30,CUST013331,P00013,SELL01477,3,0.1,22.79,10.51,223.22,Cash on Delivery,Delivered
ORD0000660,2021-05-13,CUST028139,P00016,SELL01704,1,0.0,24.8,5.95,526.75,Credit Card,Shipped
ORD0000661,2022-01-23,CUST041747,P00002,SELL01268,3,0.1,72.01,0.86,1513.13,UPI,Delivered
ORD0000662,2020-02-04,CUST021614,P00042,SELL00029,3,0.0,161.11,14.15,1070.31,UPI,Shipped
ORD0000663,2021-12-27,CUST015215,P00040,SELL00478,2,0.0,10.2,10.29,224.43,UPI,Delivered
ORD0000664,2022-04-28,CUST038495,P00002,SELL00509,4,0.2,333.54,11.53,2198.06,Amazon Pay,Delivered
ORD0000665,2020-03-30,CUST029669,P00040,SELL00248,3,0.0,307.35,6.44,2021.27,Amazon Pay,Delivered
ORD0000666,2022-02-14,CUST043404,P00050,SELL01272,2,0.05,46.8,6.46,313.27,Credit Card,Shipped
ORD0000667,2021-08-27,CUST000342,P00037,SELL01281,1,0.1,28.21,8.62,193.57,Amazon Pay,Delivered
ORD0000668,2022-08-27,CUST028594,P00014,SELL00203,5,0.0,25.0,8.91,346.36,Debit Card,Delivered
ORD0000669,2024-06-13,CUST039500,P00045,SELL01129,3,0.2,57.44,9.53,1215.68,Debit Card,Shipped
ORD0000670,2022-10-18,CUST042143,P00033,SELL01933,4,0.0,80.97,2.58,1703.03,Credit Card,Shipped
ORD0000671,2021-02-21,CUST030029,P00010,SELL01675,3,0.05,1.25,0.92,17.84,Net Banking,Delivered
ORD0000672,2020-04-24,CUST017431,P00015,SELL01066,3,0.1,10.75,2.8,73.25,Debit Card,Delivered
ORD0000673,2021-09-08,CUST001021,P00043,SELL00452,2,0.0,7.29,2.83,155.88,Cash on Delivery,Delivered
ORD0000674,2023-05-04,CUST046797,P00022,SELL01806,1,0.0,44.44,9.32,609.23,Credit Card,Shipped
ORD0000675,2022-04-05,CUST030534,P00004,SELL00776,1,0.0,9.73,14.54,78.31,Debit Card,Pending
ORD0000676,2024-03-04,CUST049021,P00016,SELL01111,4,0.05,33.58,3.45,708.6,Credit Card,Delivered
ORD0000677,2024-07-07,CUST027888,P00049,SELL01780,4,0.15,85.15,2.61,1790.75,Debit Card,Pending
ORD0000678,2024-02-25,CUST002243,P00008,SELL01717,4,0.1,32.27,0.96,678.67,UPI,Delivered
ORD0000679,2023-01-03,CUST008903,P00021,SELL00847,4,0.1,10.15,6.88,219.96,Credit Card,Shipped
ORD0000680,2021-02-16,CUST027637,P00020,SELL00046,5,0.15,79.45,7.32,1675.84,Net Banking,Delivered
ORD0000681,2023-10-31,CUST002558,P00047,SELL01212,4,0.2,86.85,11.98,1184.46,Debit Card,Delivered
ORD0000682,2023-12-14,CUST021727,P00025,SELL00959,2,0.15,84.75,7.29,798.27,UPI,Returned
ORD0000683,2021-12-29,CUST005548,P00040,SELL01396,1,0.2,0.0,12.55,252.1,UPI,Delivered
ORD0000684,2023-07-24,CUST046930,P00030,SELL00978,1,0.05,45.38,1.88,614.46,Credit Card,Delivered
ORD0000685,2022-10-17,CUST030151,P00009,SELL01296,2,0.0,24.58,10.82,342.64,Credit Card,Shipped
ORD0000686,2022-01-30,CUST029666,P00028,SELL00476,1,0.05,42.91,0.25,281.53,Cash on Delivery,Delivered
ORD0000687,2021-11-06,CUST041687,P00017,SELL00214,1,0.3,6.62,14.37,153.42,Credit Card,Delivered
ORD0000688,2023-11-18,CUST029704,P00008,SELL01916,5,0.0,123.28,4.44,2593.37,Amazon Pay,Shipped
ORD0000689,2021-04-01,CUST014194,P00019,SELL00777,5,0